id,house,electoral_name,civil_name,party,state,twitter,facebook
204554,câmara,ABÍLIO SANTANA,JOSE ABILIO SILVA DE SANTANA,PR,BA,AbilioSantana_,https://www.facebook.com/pastorabiliosantana/
204521,câmara,ABOU ANNI,PAULO SERGIO ABOU ANNI,PSL,SP,abouannipv,NA
204379,câmara,ACÁCIO FAVACHO,ACÁCIO DA SILVA FAVACHO NETO,PROS,AP,FavachoAcacio,NA
204560,câmara,ADOLFO VIANA,ADOLFO VIANA DE CASTRO NETO,PSDB,BA,AdolfoViana_,NA
204528,câmara,ADRIANA VENTURA,ADRIANA MIGUEL VENTURA,NOVO,SP,adrianasounovo,NA
121948,câmara,ADRIANO DO BALDY,ADRIANO ANTÔNIO AVELAR,PP,GO,AdrianoBaldy,NA
74646,câmara,AÉCIO NEVES,AÉCIO NEVES DA CUNHA,PSDB,MG,AecioNeves,NA
160508,câmara,AFONSO FLORENCE,AFONSO BANDEIRA FLORENCE,PT,BA,AfonsoFlorence‏,https://www.facebook.com/afonsoflorence13
136811,câmara,AFONSO HAMM,JOSÉ ALFONSO EBERT HAMM,PP,RS,depafonsohamm,https://www.facebook.com/depafonsohamm
178835,câmara,AFONSO MOTTA,AFONSO ANTUNES DA MOTTA,PDT,RS,afonso_motta,https://www.facebook.com/AfonsoMottaOpina
160527,câmara,AGUINALDO RIBEIRO,AGUINALDO VELLOSO BORGES RIBEIRO,PP,PB,aguinaldo1111,https://www.facebook.com/Aguinaldo-Ribeiro-139579162731192
204495,câmara,AIRTON FALEIRO,AIRTON LUIZ FALEIRO,PT,PA,FALEIRO13,NA
204549,câmara,AJ ALBUQUERQUE,ANTONIO JOSE AGUIAR ALBUQUERQUE,PP,CE,NA,https://www.facebook.com/antonijose.11
178836,câmara,ALAN RICK,ALAN RICK MIRANDA,DEM,AC,Alan_Rick,https://www.facebook.com/deputadoalanrick
160559,câmara,ALCEU MOREIRA,ALCEU MOREIRA DA SILVA,MDB,RS,Alceu_Moreira,https://www.facebook.com/depalceumoreira
204413,câmara,ALCIDES RODRIGUES,ALCIDES RODRIGUES FILHO,PRP,GO,NA,NA
204545,câmara,ALÊ SILVA,ALESSANDRA DA SILVA,PSL,MG,oficialalesilva,NA
204501,câmara,ALENCAR SANTANA BRAGA,ALENCAR SANTANA BRAGA,PT,SP,AlencarBraga13,NA
160511,câmara,ALESSANDRO MOLON,ALESSANDRO LUCCIOLA MOLON,PSB,RJ,AlessandroMolon,https://www.facebook.com/MolonRJ
178972,câmara,ALEX MANENTE,ALEX SPINELLI MANENTE,PPS,SP,alexmanentepps,https://www.facebook.com/alexmanentesbc
204571,câmara,ALEX SANTANA,ALEX MARCO SANTANA SOUSA,PDT,BA,NA,https://www.facebook.com/depalexsantana/
204544,câmara,ALEXANDRE FROTA,ALEXANDRE FROTA DE ANDRADE,PSL,SP,alefrotabrasil,NA
160545,câmara,ALEXANDRE LEITE,ALEXANDRE LEITE DA SILVA,DEM,SP,lexandreleite,https://www.facebook.com/DeputadoFederalAlexandreLeite
204503,câmara,ALEXANDRE PADILHA,ALEXANDRE ROCHA SANTOS PADILHA,PT,SP,padilhando,NA
178833,câmara,ALEXANDRE SERFIOTIS,ALEXANDRE AUGUSTUS SERFIOTIS,PSD,RJ,AleSerfiotis,https://www.facebook.com/alexandreserfiotis
204516,câmara,ALEXIS FONTEYNE,ALEXIS JOSEPH STEVERLYNCK FONTEYNE,NOVO,SP,AlexisFonteyne,NA
74057,câmara,ALICE PORTUGAL,ALICE MAZZUCO PORTUGAL,PCdoB,BA,Alice_Portugal,https://www.facebook.com/deputadaaliceportugal
178927,câmara,ALIEL MACHADO,ALIEL MACHADO BARK,PSB,PR,alielmachado,https://www.facebook.com/Alielmachadooficial
204353,câmara,ALINE GURGEL,ALINE PARANHOS VARONIL GURGEL,PRB,AP,alinegurgel1000,NA
204400,câmara,ALINE SLEUTJES,ALINE SLEUTJES,PSL,PR,NA,https://www.facebook.com/alinesleutjes/
178937,câmara,ALTINEU CÔRTES,ALTINEU CÔRTES FREITAS COUTINHO,PR,RJ,Altineu,https://www.facebook.com/altineu
178937,câmara,ALTINEU CÔRTES,ALTINEU CÔRTES FREITAS COUTINHO,PR,RJ,Altineu,https://www.facebook.com/altineu
178881,câmara,ALUISIO MENDES,ALUISIO GUIMARAES MENDES FILHO,PODE,MA,AluisioMendesMA,https://www.facebook.com/AluisioMendesOficial
178881,câmara,ALUISIO MENDES,ALUISIO GUIMARAES MENDES FILHO,PODE,MA,AluisioMendesMA,https://www.facebook.com/AluisioMendesOficial
204356,câmara,AMARO NETO,AMARO ROCHA NASCIMENTO NETO,PRB,ES,amaronetotv,NA
178831,câmara,ANDRÉ ABDON,ANDRE DOS SANTOS ABDON,PP,AP,dep_andreabdon‏,https://www.facebook.com/depandreabdon
74471,câmara,ANDRÉ DE PAULA,ANDRÉ CARLOS ALVES DE PAULA FILHO,PSD,PE,NA,https://www.facebook.com/andredepaulaoficial
204423,câmara,ANDRÉ FERREIRA,ANDRÉ FERREIRA RODRIGUES,PSC,PE,NA,https://www.facebook.com/oficial.andreferreira/
133439,câmara,ANDRÉ FIGUEIREDO,ANDRÉ PEIXOTO FIGUEIREDO LIMA,PDT,CE,andrepdt12,https://www.facebook.com/DeputadoAndreFigueiredo
178882,câmara,ANDRÉ FUFUCA,ANDRE LUIZ CARVALHO RIBEIRO,PP,MA,DepAndreFufuca,https://www.facebook.com/andrefufuca
178882,câmara,ANDRÉ FUFUCA,ANDRE LUIZ CARVALHO RIBEIRO,PP,MA,DepAndreFufuca,https://www.facebook.com/andrefufuca
204515,câmara,ANDRÉ JANONES,ANDRE LUIS GASPAR JANONES,AVANTE,MG,AndreJanonesAdv,NA
73696,câmara,ANGELA AMIN,ANGELA REGINA HEINZEN AMIN HELOU,PP,SC,angelaamin11,NA
160553,câmara,ANTONIO BRITO,ANTONIO LUIZ PARANHOS RIBEIRO LEITE DE BRITO,PSD,BA,antoniobritoba,https://www.facebook.com/britoantoniobahia
73433,câmara,ARLINDO CHINAGLIA,ARLINDO CHIGNALIA JUNIOR,PT,SP,achinaglia,https://www.facebook.com/depchinaglia
141391,câmara,ARNALDO JARDIM,ARNALDO CALIL PEREIRA JARDIM,PPS,SP,ArnaldoJardim,https://www.facebook.com/deputadoarnaldojardim
204414,câmara,AROLDO MARTINS,JOSE AROLDO SOUZA MARTINS,PRB,PR,aroldomartins,NA
160541,câmara,ARTHUR LIRA,ARTHUR CÉSAR PEREIRA DE LIRA,PP,AL,DEPArthurLira,https://www.facebook.com/arthurliradeputadofederal
160600,câmara,ARTHUR OLIVEIRA MAIA,ARTHUR DE OLIVEIRA MAIA DA SILVA,DEM,BA,departhurmaia,https://www.facebook.com/arthur.oliveiramaia
159237,câmara,ASSIS CARVALHO,FRANCISCO DE ASSIS CARVALHO GONÇALVES,PT,PI,assis_carvalho,https://www.facebook.com/assiscarvalho.pt
74090,câmara,ÁTILA LINS,ÁTILA SIDNEY LINS ALBUQUERQUE,PP,AM,NA,https://www.facebook.com/Deputado-%C3%81tila-Lins-329607960409077
74459,câmara,ÁTILA LIRA,ÁTILA FREITAS LIRA,PSB,PI,deputadoatila,https://www.facebook.com/atilafreitaslira
74459,câmara,ÁTILA LIRA,ÁTILA FREITAS LIRA,PSB,PI,deputadoatila,https://www.facebook.com/atilafreitaslira
160665,câmara,AUGUSTO COUTINHO,AUGUSTO RODRIGUES COUTINHO DE MELO,SOLIDARIEDADE,PE,augustocmelo ‏,https://www.facebook.com/augusto.coutinho
160665,câmara,AUGUSTO COUTINHO,AUGUSTO RODRIGUES COUTINHO DE MELO,SOLIDARIEDADE,PE,augustocmelo ‏,https://www.facebook.com/augusto.coutinho
204509,câmara,ÁUREA CAROLINA,ÁUREA CAROLINA DE FREITAS E SILVA,PSOL,MG,aureacarolinax,NA
160512,câmara,AUREO RIBEIRO,AUREO LIDIO MOREIRA RIBEIRO,SOLIDARIEDADE,RJ,DeputadoAureo,https://www.facebook.com/aureodeputado
69871,câmara,BACELAR,JOAO CARLOS BACELAR BATISTA,PODE,BA,DeputadoBacelar,https://www.facebook.com/bacelaroficial
178975,câmara,BALEIA ROSSI,LUIZ FELIPE BALEIA TENUTO ROSSI,MDB,SP,baleia_rossi,https://www.facebook.com/BaleiaRossi
73701,câmara,BENEDITA DA SILVA,BENEDITA SOUZA DA SILVA SAMPAIO,PT,RJ,dasilvabenedita ‏,https://www.facebook.com/blogdabenedita
73701,câmara,BENEDITA DA SILVA,BENEDITA SOUZA DA SILVA SAMPAIO,PT,RJ,dasilvabenedita ‏,https://www.facebook.com/blogdabenedita
109429,câmara,BENES LEOCÁDIO,LUIZ BENES LEOCADIO DE ARAUJO,PRB,RN,NA,https://www.facebook.com/BenesLeocadioRN/
141335,câmara,BETO FARO,JOSÉ ROBERTO OLIVEIRA FARO,PT,PA,BetoFaroPT ‏,https://www.facebook.com/beto.faro.5
141335,câmara,BETO FARO,JOSÉ ROBERTO OLIVEIRA FARO,PT,PA,BetoFaroPT ‏,https://www.facebook.com/beto.faro.5
204358,câmara,BETO PEREIRA,HUMBERTO REZENDE PEREIRA,PSDB,MS,betopereirams,NA
178948,câmara,BETO ROSADO,CARLOS ALBERTO DE SOUSA ROSADO SEGUNDO,PP,RN,betorosado,https://www.facebook.com/betorosado1111
207176,câmara,BIA CAVASSA,BEATRIZ ROSALIA RIBEIRO CAVASSA DE OLIVEIRA,PSDB,MS,BiaCavassa,https://www.facebook.com/BiaCavassa/
204374,câmara,BIA KICIS,BEATRIZ KICIS TORRENTS DE SORDI,PSL,DF,Biakicis,NA
204388,câmara,BIBO NUNES,ALCIBIO MESQUITA BIBO NUNES,PSL,RS,bibonunes1,NA
141513,câmara,BILAC PINTO,OLAVO BILAC PINTO NETO,DEM,MG,bilac_pinto,https://www.facebook.com/bilac.pinto.5
204561,câmara,BIRA DO PINDARÉ,UBIRAJARA DO PINDARÉ ALMEIDA SOUSA,PSB,MA,BiradoPindare,NA
204397,câmara,BOCA ABERTA,EMERSON MIGUEL PETRIV,PROS,PR,BocaAbertaOf,NA
160538,câmara,BOHN GASS,ELVINO JOSÉ BOHN GASS,PT,RS,BOHNGASS,https://www.facebook.com/bohngass13
74052,câmara,BOSCO COSTA,JOÃO BOSCO DA COSTA,PR,SE,BoscoCosta1234,NA
204551,câmara,BOSCO SARAIVA,JOÃO BOSCO GOMES SARAIVA,SOLIDARIEDADE,AM,boscosaraiva,NA
160589,câmara,BRUNA FURLAN,BRUNA DIAS FURLAN,PSDB,SP,BrunaFurlan_,https://www.facebook.com/BrunaFurlanDeputadaFederal
204520,câmara,CABO JUNIO AMARAL,GERALDO JUNIO DO AMARAL,PSL,MG,cabojunioamaral,NA
93083,câmara,CACÁ LEÃO,CARLOS FELIPE VAZQUEZ DE SOUZA LEÃO,PP,BA,CacaLeao‏,https://www.facebook.com/CacaLeaoOficial
178853,câmara,CAETANO,LUIZ CARLOS CAETANO,PT,BA,DepCaetano‏,https://www.facebook.com/luiz.caetanoBA
204352,câmara,CAMILO CAPIBERIBE,CARLOS CAMILO GÓES CAPIBERIBE,PSB,AP,CamiloPSB,NA
204572,câmara,CAPITÃO ALBERTO NETO,ALBERTO BARROS CAVALCANTE NETO,PRB,AM,capalbertoneto,NA
178829,câmara,CAPITÃO AUGUSTO,JOSE AUGUSTO ROSA,PR,SP,capitao_augusto,https://www.facebook.com/capitaoaugustooficial
178924,câmara,CAPITÃO FÁBIO ABREU,FABIO ABREU COSTA,PR,PI,depfabioabreu,https://www.facebook.com/deputadofabioabreupi/
204487,câmara,CAPITÃO WAGNER,WAGNER SOUSA GOMES,PROS,CE,capitao_wagner,NA
204507,câmara,CARLA ZAMBELLI,CARLA ZAMBELLI SALGADO,PSL,SP,CarlaZambelli17,NA
141401,câmara,CARLOS BEZERRA,CARLOS GOMES BEZERRA,MDB,MT,CarlosBezerraJr,https://www.facebook.com/carlosbezerrajr1
204361,câmara,CARLOS CHIODINI,CARLOS ALBERTO CHIODINI,MDB,SC,carloschiodini,NA
178962,câmara,CARLOS GOMES,ANTONIO CARLOS GOMES DA SILVA,PRB,RS,carlosgomesdep,https://www.facebook.com/deputadocarlosgomes
178993,câmara,CARLOS HENRIQUE GAGUIM,CARLOS HENRIQUE AMORIM,DEM,TO,carlos_gaguim,https://www.facebook.com/carlos.gaguim
204460,câmara,CARLOS JORDY,CARLOS ROBERTO COELHO DE MATTOS JÚNIOR,PSL,RJ,carlosjordy,NA
74262,câmara,CARLOS SAMPAIO,CARLOS HENRIQUE FOCESI SAMPAIO,PSDB,SP,carlossampaio_,https://www.facebook.com/DeputadoCarlosSampaio
204426,câmara,CARLOS VERAS,JOSÉ CARLOS VERAS DOS SANTOS,PT,PE,carlosveras1314,NA
141398,câmara,CARLOS ZARATTINI,CARLOS ALBERTO ROLIM ZARATTINI,PT,SP,CarlosZarattini,https://www.facebook.com/dep.zarattini
164360,câmara,CARMEN ZANOTTO,CARMEN EMÍLIA BONFÁ ZANOTTO,PPS,SC,carmenzanotto,https://www.facebook.com/DeputadaCarmenZanotto
204369,câmara,CAROLINE DE TONI,CAROLINE RODRIGUES DE TONI,PSL,SC,CarolDeToni3,NA
204499,câmara,CÁSSIO ANDRADE,CASSIO COELHO ANDRADE,PSB,PA,Cassio_4011,NA
204380,câmara,CELINA LEÃO,CELINA LEAO HIZIM,PP,DF,celinaleao,NA
204370,câmara,CÉLIO MOURA,CELIO ALVES DE MOURA,PT,TO,CelioMoura13,NA
178876,câmara,CÉLIO SILVEIRA,CELIO ANTONIO DA SILVEIRA,PSDB,GO,csilveira4599 ‏,https://www.facebook.com/CelioSilveiraOficial
178876,câmara,CÉLIO SILVEIRA,CELIO ANTONIO DA SILVEIRA,PSDB,GO,csilveira4599 ‏,https://www.facebook.com/CelioSilveiraOficial
204488,câmara,CÉLIO STUDART,CELIO STUDART BARBOSA,PV,CE,CelioStudart,NA
141405,câmara,CELSO MALDANER,CELSO MALDANER,MDB,SC,celsomaldaner,https://www.facebook.com/celso.maldaner
73441,câmara,CELSO RUSSOMANNO,CELSO UBIRAJARA RUSSOMANNO,PRB,SP,celsorussomanno,https://www.facebook.com/celsorussomanno
204496,câmara,CELSO SABINO,CELSO SABINO DE OLIVEIRA,PSDB,PA,celso_sabino,NA
204504,câmara,CEZINHA DE MADUREIRA,ANTONIO CEZAR CORREIA FREIRE,PSD,SP,Czmadureira,NA
205476,câmara,CHARLES FERNANDES,CHARLES FERNANDES SILVEIRA SANTANA,PSD,BA,CharlesGbi,NA
204490,câmara,CHARLLES EVANGELISTA,CHARLLES THOMACELLI EVANGELISTA,PSL,MG,charllesevg,NA
141439,câmara,CHICO D'ANGELO,FRANCISCO JOSÉ D'ANGELO PINTO,PDT,RJ,chico_dangelo,https://www.facebook.com/chicodangelo
204476,câmara,CHIQUINHO BRAZÃO,JOÃO FRANCISCO INÁCIO BRAZÃO,AVANTE,RJ,BrazaoChiquinho,NA
204462,câmara,CHRIS TONIETTO,CHRISTINE NOGUEIRA DOS REIS TONIETTO,PSL,RJ,ChrisTonietto17,NA
178928,câmara,CHRISTIANE DE SOUZA YARED,CHRISTIANE DE SOUZA YARED,PR,PR,christianeyared,https://www.facebook.com/ChristianeYared
204440,câmara,CHRISTINO AUREO,CHRISTINO AUREO DA SILVA,PP,RJ,christinoaureo,NA
178939,câmara,CLARISSA GAROTINHO,CLARISSA BARROS ASSED MATHEUS DE OLIVEIRA,PROS,RJ,dep_clarissa,NA
74537,câmara,CLAUDIO CAJADO,CLÁUDIO CAJADO SAMPAIO,PP,BA,claudio_cajado,https://www.facebook.com/deputadocajado
141408,câmara,CLEBER VERDE,CLEBER VERDE CORDEIRO MENDES,PRB,MA,CleberVerde10 ‏,https://www.facebook.com/cleberverde.1010
141408,câmara,CLEBER VERDE,CLEBER VERDE CORDEIRO MENDES,PRB,MA,CleberVerde10 ‏,https://www.facebook.com/cleberverde.1010
204376,câmara,CORONEL ARMANDO,LUIZ ARMANDO SCHROEDER REIS,PSL,SC,NA,https://www.facebook.com/coronel.armando/
204378,câmara,CORONEL CHRISÓSTOMO,JOAO CHRISÓSTOMO DE MOURA,PSL,RO,NA,https://www.facebook.com/chrisostomoOficial/
204514,câmara,CORONEL TADEU,MARCIO TADEU ANHAIA DE LEMOS,PSL,SP,CoronelTadeu,NA
178963,câmara,COVATTI FILHO,LUIS ANTONIO FRANCISCATTO COVATTI,PP,RS,CovattiFilho,https://www.facebook.com/covatti.filho
135054,câmara,CRISTIANO VALE,CRISTIANO DUTRA VALE,PR,PA,NA,https://www.facebook.com/cristianovale2222/
204355,câmara,DA VITORIA,JOSIAS MARIO DA VITORIA,PPS,ES,josiasdavitoria,NA
141411,câmara,DAGOBERTO NOGUEIRA,DAGOBERTO NOGUEIRA FILHO,PDT,MS,dagobertopdt,https://www.facebook.com/dagobertopdt
74467,câmara,DAMIÃO FELICIANO,DAMIÃO FELICIANO DA SILVA,PDT,PB,drdamiao,https://www.facebook.com/drdamiao
74060,câmara,DANIEL ALMEIDA,DANIEL GOMES DE ALMEIDA,PCdoB,BA,Daniel_PCdoB‏,https://www.facebook.com/depdanielalmeida
178916,câmara,DANIEL COELHO,DANIEL PIRES COELHO,PPS,PE,DanielCoelho23 ‏,https://www.facebook.com/DanielCoelho23/
178916,câmara,DANIEL COELHO,DANIEL PIRES COELHO,PPS,PE,DanielCoelho23 ‏,https://www.facebook.com/DanielCoelho23/
204367,câmara,DANIEL FREITAS,DANIEL COSTA DE FREITAS,PSL,SC,NA,NA
204454,câmara,DANIEL SILVEIRA,DANIEL LUCIO DA SILVEIRA,PSL,RJ,DanielPMERJ,NA
204409,câmara,DANIEL TRZECIAK,DANIEL TRZECIAK DUARTE,PSDB,RS,TrzeciakDaniel,NA
204459,câmara,DANIELA DO WAGUINHO,DANIELA MOTE DE SOUZA CARNEIRO,MDB,RJ,DanielaWaguinho,NA
160528,câmara,DANILO CABRAL,DANILO JORGE DE BARROS CABRAL,PSB,PE,danilo4010 ‏,https://www.facebook.com/danilocabral4010
160528,câmara,DANILO CABRAL,DANILO JORGE DE BARROS CABRAL,PSB,PE,danilo4010 ‏,https://www.facebook.com/danilocabral4010
160552,câmara,DANRLEI DE DEUS HINTERHOLZ,DANRLEI DE DEUS HINTERHOLZ,PSD,RS,DanrleiFederal,https://www.facebook.com/Danrlei-Hinterholz-351569478324459
116379,câmara,DARCI DE MATOS,DARCI DE MATOS,PSD,SC,depdarcidematos,NA
73891,câmara,DARCÍSIO PERONDI,DARCÍSIO PAULO PERONDI,MDB,RS,darcisioperondi,https://www.facebook.com/DarcisioPerondi
205548,câmara,DAVID MIRANDA,DAVID MICHAEL DOS SANTOS MIRANDA,PSOL,RJ,davidmirandario,NA
204511,câmara,DAVID SOARES,DAVID BEZERRA RIBEIRO SOARES,DEM,SP,DavidLouve,https://www.facebook.com/davidsoaresbr/
204451,câmara,DELEGADO ANTÔNIO FURTADO,ANTÔNIO DA LUZ FURTADO,PSL,RJ,delegadofurtado,https://www.facebook.com/DelegadoAntonioFurtado/
178908,câmara,DELEGADO ÉDER MAURO,EDER MAURO CARDOSO BARRA,PSD,PA,EderMauroPA,https://www.facebook.com/edermauroficial
204512,câmara,DELEGADO MARCELO FREITAS,MARCELO EDUARDO FREITAS,PSL,MG,NA,https://web.facebook.com/delegadomarcelofreitas
204569,câmara,DELEGADO PABLO,PABLO OLIVA SOUZA,PSL,AM,DelegadoPablo_,NA
164359,câmara,DELEGADO WALDIR,WALDIR SOARES DE OLIVEIRA,PSL,GO,delegado_waldir,https://www.facebook.com/delegado.waldir
204542,câmara,DENIS BEZERRA,DENIS ANDERSON DA ROCHA BEZERRA,PSB,CE,denisbezerra,https://www.facebook.com/Drdenisbezerra/
160588,câmara,DIEGO ANDRADE,DIEGO LEONARDO DE ANDRADE CARVALHO,PSD,MG,diegoandrade_mg,https://www.facebook.com/diegoandrademg
178929,câmara,DIEGO GARCIA,DIEGO ALEXSANDER GONCALO PAULA GARCIA,PODE,PR,diegogarciapr,https://www.facebook.com/DiegoGarciaDeputado
160599,câmara,DIMAS FABIANO,DIMAS FABIANO TOLEDO JÚNIOR,PP,MG,depdimasfabiano,https://www.facebook.com/depdimasfabiano.toledo
143632,câmara,DOMINGOS NETO,DOMINGOS GOMES DE AGUIAR NETO,PSD,CE,Domingos_Neto,https://www.facebook.com/DomingosNetoCeara
160758,câmara,DOMINGOS SÁVIO,DOMINGOS SÁVIO CAMPOS RESENDE,PSDB,MG,DomingosSavioMG,https://www.facebook.com/domingossaviomg
204518,câmara,DR. FREDERICO,FREDERICO DE CASTRO ESCALEIRA,PATRI,MG,DrFredericoMG,NA
204481,câmara,DR. JAZIEL,JAZIEL PEREIRA DE SOUSA,PR,CE,NA,https://www.facebook.com/Dr.JazielPereira/
204439,câmara,DR. LEONARDO,LEONARDO RIBEIRO ALBUQUERQUE,SOLIDARIEDADE,MT,DrLeonardomt,NA
204450,câmara,DR. LUIZ ANTONIO TEIXEIRA JR.,LUIZ ANTONIO DE SOUZA TEIXEIRA JÚNIOR,PP,RJ,drluizantoniojr,NA
204351,câmara,DR. LUIZ OVANDO,LUIZ ALBERTO OVANDO,PSL,MS,NA,https://www.facebook.com/drluizovando/
204412,câmara,DR. ZACHARIAS CALIL,ZACARIAS CALIL HAMU,DEM,GO,NA,NA
81297,câmara,DRA. SORAYA MANATO,SORAYA DE SOUZA MANNATO,PSL,ES,DraManato,NA
204434,câmara,DRA. VANDA MILANI,VANDA DENIR MILANI NOGUEIRA,SOLIDARIEDADE,AC,Vandamilani,NA
178994,câmara,DULCE MIRANDA,DULCE FERREIRA PAGANI MIRANDA,MDB,TO,dulcemiranda_to,https://www.facebook.com/dulcepaganimiranda
204562,câmara,EDILÁZIO JÚNIOR,EDILAZIO GOMES DA SILVA JUNIOR,PSD,MA,DepEdilazioJr,NA
141417,câmara,EDIO LOPES,ÉDIO VIEIRA LOPES,PR,RR,ediolopes,https://www.facebook.com/deputadoediolopes
134812,câmara,EDMILSON RODRIGUES,EDMILSON BRITO RODRIGUES,PSOL,PA,EdmilsonPSOL,https://www.facebook.com/edmilsonpsol
204421,câmara,EDNA HENRIQUE,EDNACE ALVES SILVESTRE HENRIQUE,PSDB,PB,NA,NA
74655,câmara,EDUARDO BARBOSA,EDUARDO LUIZ BARROS BARBOSA,PSDB,MG,eduardobarbosa_,https://www.facebook.com/deputadofederaleduardobarbosa
204541,câmara,EDUARDO BISMARCK,EDUARDO HENRIQUE MAIA BISMARCK,PDT,CE,eduardobismarck,NA
92346,câmara,EDUARDO BOLSONARO,EDUARDO NANTES BOLSONARO,PSL,SP,bolsonarosp,https://www.facebook.com/bolsonaro.enb
204552,câmara,EDUARDO BRAIDE,EDUARDO SALIM BRAIDE,PMN,MA,SouEduardo33,NA
204500,câmara,EDUARDO COSTA,JOSE EDUARDO PEREIRA DA COSTA,PTB,PA,dep_eduardo,NA
178977,câmara,EDUARDO CURY,EDUARDO PEDROSA CURY,PSDB,SP,eduardo_cury,https://www.facebook.com/EduardoCuryOficial
141421,câmara,EDUARDO DA FONTE,EDUARDO HENRIQUE DA FONTE DE ALBUQUERQUE SILVA,PP,PE,eduardodafonte,https://www.facebook.com/dududafonte
141422,câmara,EFRAIM FILHO,EFRAIM DE ARAÚJO MORAIS FILHO,DEM,PB,efraimfilho,https://www.facebook.com/efraimfilho
74075,câmara,ELCIONE BARBALHO,ELCIONE THEREZINHA ZAHLUTH BARBALHO,MDB,PA,elcionepmdb,https://www.facebook.com/Dep.ElcioneBarbalho
204364,câmara,ELI BORGES,ELI DIAS BORGES,SOLIDARIEDADE,TO,elidiasborges,NA
160532,câmara,ELI CORRÊA FILHO,ADRIANO ELI CORRÊA,DEM,SP,NA,https://www.facebook.com/EliCorreaFilho
204389,câmara,ELIAS VAZ,ELIAS VAZ DE ANDRADE,PSB,GO,EliasVazGyn,NA
178854,câmara,ELMAR NASCIMENTO,ELMAR JOSE VIEIRA NASCIMENTO,DEM,BA,ElmarNascimento,https://www.facebook.com/elmarnascimento
198783,câmara,EMANUEL PINHEIRO NETO,EMANUEL PINHEIRO DA SILVA PRIMO,PTB,MT,emanuelzinhomt,NA
161550,câmara,EMIDINHO MADEIRA,EMIDIO ALVES MADEIRA JUNIOR,PSB,MG,emidinhomadeira,NA
207309,câmara,ENÉIAS REIS,ENEIAS JOSÉ DOS REIS,PSL,MG,DepEneiasReis,https://www.facebook.com/vereadoreneiasreis/
132504,câmara,ENIO VERRI,ENIO JOSÉ VERRI,PT,PR,enioverri,https://www.facebook.com/enioverri
204537,câmara,ENRICO MISASI,ENRICO VAN BLARCUM DE GRAAFF MISASI,PV,SP,enricomisasi,NA
160575,câmara,ERIKA KOKAY,ÉRIKA JUCÁ KOKAY,PT,DF,erikakokay,https://www.facebook.com/ErikaKokay
160640,câmara,EROS BIONDINI,EROS FERREIRA BIONDINI,PROS,MG,erosbiondini,https://www.facebook.com/erosbiondini
204482,câmara,EUCLYDES PETTERSEN,EUCLYDES MARCOS PETTERSEN NETO,PSC,MG,EuclydesPetter,NA
178871,câmara,EVAIR VIEIRA DE MELO,EVAIR VIEIRA DE MELO,PP,ES,EvairdeMelo,https://www.facebook.com/evair.vieirademelo
178930,câmara,EVANDRO ROMAN,EVANDRO ROGERIO ROMAN,PSD,PR,roman_evandro,https://www.facebook.com/evandrorogerio.roman
178953,câmara,EXPEDITO NETTO,EXPEDITO GONCALVES FERREIRA NETTO,PSD,RO,netto_expedito,https://www.facebook.com/expedito.netto.1
141428,câmara,FÁBIO FARIA,FÁBIO SALUSTINO MESQUITA DE FARIA,PSD,RN,fabiofaria33,https://www.facebook.com/fabiofaria5555
68720,câmara,FÁBIO HENRIQUE,FABIO HENRIQUE SANTANA DE CARVALHO,PDT,SE,FabioHenriqueSE,NA
178969,câmara,FÁBIO MITIDIERI,FABIO CRUZ MITIDIERI,PSD,SE,depfmitidieri,https://www.facebook.com/depfmitidieri
141427,câmara,FÁBIO RAMALHO,FÁBIO AUGUSTO RAMALHO DOS SANTOS,MDB,MG,_FabinhoRamalho,https://www.facebook.com/deputadofabioramalho4311
171623,câmara,FABIO REIS,FABIO DE ALMEIDA REIS,MDB,SE,fabioreis1515,https://www.facebook.com/fabioreis1515
204368,câmara,FABIO SCHIOCHET,FÁBIO LUIZ SCHIOCHET FILHO,PSL,SC,deputadofabiosc,https://www.facebook.com/FabioSchiochetSC/
160587,câmara,FÁBIO TRAD,FÁBIO RICARDO TRAD,PSD,MS,f_trad,NA
66828,câmara,FAUSTO PINATO,FAUSTO RUY PINATO,PP,SP,faustopinato,https://www.facebook.com/faustopinato
204477,câmara,FELÍCIO LATERÇA,FELÍCIO LATERÇA DE ALMEIDA,PSL,RJ,NA,https://www.facebook.com/feliciolatercarj/
72442,câmara,FELIPE CARRERAS,FELIPE AUGUSTO LYRA CARRERAS,PSB,PE,felipecarreras,NA
204398,câmara,FELIPE FRANCISCHINI,LUIS FELIPE BONATTO FRANCISCHINI,PSL,PR,FFrancischini_,NA
204371,câmara,FELIPE RIGONI,FELIPE RIGONI LOPES,PSB,ES,rigoni_felipe,NA
160666,câmara,FÉLIX MENDONÇA JÚNIOR,FELIX DE ALMEIDA MENDONÇA JÚNIOR,PDT,BA,felixMendoncaJr,https://www.facebook.com/felixjunior1234
204407,câmara,FERNANDA MELCHIONNA,FERNANDA MELCHIONNA E SILVA,PSOL,RS,fernandapsol,NA
141431,câmara,FERNANDO COELHO FILHO,FERNANDO BEZERRA DE SOUZA COELHO FILHO,DEM,PE,FBCFilho,https://www.facebook.com/fernandofilhope
204445,câmara,FERNANDO MINEIRO,FERNANDO WANDERLEY VARGAS DA SILVA,PT,RN,mineiroptrn,https://www.facebook.com/mineiroptrn/
92699,câmara,FERNANDO MONTEIRO,FERNANDO MONTEIRO DE ALBUQUERQUE,PP,PE,fmonteirope,https://www.facebook.com/fernandomonteirope
204427,câmara,FERNANDO RODOLFO,FERNANDO RODOLFO TENORIO DE VASCONCELOS,PR,PE,fernandorodolfo,NA
204411,câmara,FILIPE BARROS,FILIPE BARROS BAPTISTA DE TOLEDO RIBEIRO,PSL,PR,filipebarrost,NA
204354,câmara,FLÁVIA ARRUDA,FLÁVIA CAROLINA PÉRES,PR,DF,flaviaarrudadf,https://www.facebook.com/FlaviaArrudaDF/
160598,câmara,FLÁVIA MORAIS,FLÁVIA CARREIRO ALBUQUERQUE MORAIS,PDT,GO,depflaviamorais,https://www.facebook.com/flavia.morais.714049
141434,câmara,FLAVIANO MELO,FLAVIANO FLÁVIO BAPTISTA DE MELO,MDB,AC,flaviano_melo,https://www.facebook.com/flavianomelo15
191923,câmara,FLAVIO NOGUEIRA,FLÁVIO RODRIGUES NOGUEIRA,PDT,PI,flavionoguera,https://www.facebook.com/flavionogueirapi/
204447,câmara,FLORDELIS,FLORDELIS DOS SANTOS DE SOUZA,PSD,RJ,Flordelismk,NA
204392,câmara,FRANCISCO JR.,FRANCISCO RODRIGUES VALE JUNIOR,PSD,GO,franciscojr_go,NA
204510,câmara,FRANCO CARTAFINA,FRANCO CARTAFINA GOMES,PHS,MG,FrancoCartafina,NA
204494,câmara,FRED COSTA,FREDERICO BORGES DA COSTA,PATRI,MG,fredcosta5133,https://www.facebook.com/FredCostaDeputado/
204393,câmara,FREI ANASTACIO RIBEIRO,ANTONIO RIBEIRO,PT,PB,freianastacioal,https://www.facebook.com/freianastaciopt/
115746,câmara,GELSON AZEVEDO,GELSON DE AZEVEDO ALMEIDA,PR,RJ,NA,https://www.facebook.com/pg/gelsonazevedooficial/
160669,câmara,GENECIAS NORONHA,GENECIAS MATEUS NORONHA,SOLIDARIEDADE,CE,depgenecias,https://www.facebook.com/Deputado-Federal-Genecias-Noronha-213910975288105
204473,câmara,GENERAL GIRÃO,ELIÉSER GIRÃO MONTEIRO FILHO,PSL,RN,GeneralGirao,NA
204484,câmara,GENERAL PETERNELLI,ROBERTO SEBASTIÃO PETERNELLI JUNIOR,PSL,SP,GenPeternelli,NA
204527,câmara,GENINHO ZULIANI,EUGENIO JOSÉ ZULIANI,DEM,SP,geninhozuliani,NA
178966,câmara,GEOVANIA DE SÁ,GEOVANIA DE SA RODRIGUES,PSDB,SC,geovaniadesa,https://www.facebook.com/geovaniasarodrigues
74374,câmara,GERALDO RESENDE,GERALDO RESENDE PEREIRA,PSDB,MS,dep_geraldo,https://www.facebook.com/GeraldoResendeMS
204394,câmara,GERVÁSIO MAIA,GERVÁSIO AGRIPINO MAIA,PSB,PB,gervasiomaia,NA
74383,câmara,GIACOBO,FERNANDO LÚCIO GIACOBO,PR,PR,fernandogiacobo,https://www.facebook.com/fernandogiacobo
204575,câmara,GIL CUTRIM,GILLIANO FRED NASCIMENTO CUTRIM,PDT,MA,gilcutrim,NA
204491,câmara,GILBERTO ABRAMO,GILBERTO APARECIDO ABRAMO,PRB,MG,gilbertoabramo,NA
74270,câmara,GILBERTO NASCIMENTO,GILBERTO NASCIMENTO SILVA,PSC,SP,gilbertopsc20,https://www.facebook.com/gilbertonascimento.psc20
204365,câmara,GILSON MARQUES,GILSON MARQUES VIEIRA,NOVO,SC,gilsonmarques30,NA
160673,câmara,GIOVANI CHERINI,GIOVANI CHERINI,PR,RS,giovanicherini,https://www.facebook.com/deputadogiovanicherini
178996,câmara,GIOVANI FELTES,GIOVANI BATISTA FELTES,MDB,RS,GiovaniFeltes,NA
152605,câmara,GLAUBER BRAGA,GLAUBER DE MEDEIROS BRAGA,PSOL,RJ,Glauber_Braga,https://www.facebook.com/glauber.braga1
204419,câmara,GLAUSTIN FOKUS,GLAUSKSTON BATISTA RIOS,PSC,GO,glaustinfokus,NA
107283,câmara,GLEISI HOFFMANN,GLEISI HELENA HOFFMANN,PT,PR,gleisi,NA
74419,câmara,GONZAGA PATRIOTA,LUIZ GONZAGA PATRIOTA,PSB,PE,NA,https://www.facebook.com/DepGonzagaPatriota
198197,câmara,GREYCE ELIAS,GREYCE DE QUEIROZ ELIAS,AVANTE,MG,NA,https://www.facebook.com/greyce.elias/
204513,câmara,GUIGA PEIXOTO,JOSÉ GUILHERME NEGRÃO PEIXOTO,PSL,SP,zeguilherme_10,NA
204531,câmara,GUILHERME DERRITE,GUILHERME MURARO DERRITE,PP,SP,capitaoderrite,https://www.facebook.com/capitaoderrite/
160667,câmara,GUILHERME MUSSI,GUILHERME MUSSI FERREIRA,PP,SP,guilhermemussi,https://www.facebook.com/deputadoguilhermemussi
204442,câmara,GURGEL,JOÃO CARLOS SOARES GURGEL,PSL,RJ,gurgelsoares,https://www.facebook.com/gurgelsoaresrj/
73460,câmara,GUSTAVO FRUET,GUSTAVO BONATO FRUET,PDT,PR,gustavofruet,NA
204408,câmara,GUSTINHO RIBEIRO,LUIZ AUGUSTO CARVALHO RIBEIRO FILHO,SOLIDARIEDADE,SE,GustinhoRibeiro,NA
204456,câmara,GUTEMBERG REIS,GUTEMBERG REIS DE OLIVEIRA,MDB,RJ,guth_reis,NA
204465,câmara,HAROLDO CATHEDRAL,HAROLDO ALVES CAMPOS,PSD,RR,NA,https://www.facebook.com/haroldocathedral/
204548,câmara,HEITOR FREIRE,HEITOR RODRIGO PEREIRA FREIRE,PSL,CE,HeitorFreireCE,NA
178964,câmara,HEITOR SCHUCH,HEITOR JOSE SCHUCH,PSB,RS,HeitorSchuch,https://www.facebook.com/heitorschuchoficial
178873,câmara,HELDER SALOMÃO,HELDER IGNACIO SALOMAO,PT,ES,heldersalomao,https://www.facebook.com/helder.salomao.313
204373,câmara,HÉLIO COSTA,HÉLIO FRANCISCO DA COSTA,PRB,SC,HelioCosta,https://www.facebook.com/HelioCostaSC/
178909,câmara,HÉLIO LEITE,HELIO LEITE DA SILVA,DEM,PA,NA,https://www.facebook.com/HelioLeite2525
204444,câmara,HELIO LOPES,HELIO FERNANDO BARBOSA LOPES,PSL,RJ,depheliolopes,NA
73482,câmara,HENRIQUE FONTANA,HENRIQUE FONTANA JÚNIOR,PT,RS,henriquefontana,https://www.facebook.com/deputadohenriquefontana
204539,câmara,HERCÍLIO COELHO DINIZ,HERCÍLIO ARAÚJO DINIZ FILHO,MDB,MG,NA,https://www.facebook.com/herciliocoelhodinizoficial/
178981,câmara,HERCULANO PASSOS,HERCULANO CASTILHO PASSOS JUNIOR,MDB,SP,herculanopassos,https://www.facebook.com/HerculanoPassos
73772,câmara,HERMES PARCIANELLO,HERMES PARCIANELLO,MDB,PR,parcianello,NA
178884,câmara,HILDO ROCHA,HILDO AUGUSTO DA ROCHA NETO,MDB,MA,hildorocha1513,https://www.facebook.com/hildorocha1
178959,câmara,HIRAN GONÇALVES,HIRAN MANUEL GONCALVES DA SILVA,PP,RR,deputadohiran,https://www.facebook.com/DeputadoHiran
141450,câmara,HUGO LEAL,HUGO LEAL MELO DA SILVA,PSD,RJ,dephugoleal,https://www.facebook.com/hugo.leal.758
160674,câmara,HUGO MOTTA,HUGO MOTTA WANDERLEY DA NÓBREGA,PRB,PB,hugomottapb,https://www.facebook.com/hugomottapb
204533,câmara,IDILVAN ALENCAR,ANTONIO IDILVAN DE LIMA ALENCAR,PDT,CE,idilvan,NA
204564,câmara,IGOR KANNÁRIO,ANDERSON MACHADO DE JESUS,PHS,BA,NA,https://www.facebook.com/deputadoigorkannario/
204508,câmara,IGOR TIMO,IGOR TARCIANO TIMO,PODE,MG,oficialigortimo,NA
67138,câmara,IRACEMA PORTELLA,IRACEMA MARIA PORTELLA NUNES NOGUEIRA LIMA,PP,PI,iracemaportela,https://www.facebook.com/iracemaportella
204436,câmara,ISNALDO BULHÕES JR.,ISNALDO BULHOES BARROS JUNIOR,MDB,AL,bulhoesjr,NA
73531,câmara,IVAN VALENTE,IVAN VALENTE,PSOL,SP,ivanvalente,https://www.facebook.com/IvanValentePSOL
74848,câmara,JANDIRA FEGHALI,JANDIRA FEGHALI,PCdoB,RJ,jandira_feghali,https://www.facebook.com/sigajandira2
108338,câmara,JAQUELINE CASSOL,DIRLAINE JAQUELINE CASSOL,PP,RO,jqcassol,NA
160672,câmara,JEAN WYLLYS,JEAN WYLLYS DE MATOS SANTOS,PSOL,RJ,jeanwyllys_real,https://www.facebook.com/jean.wyllys
74273,câmara,JEFFERSON CAMPOS,JEFFERSON ALVES DE CAMPOS,PSB,SP,DepJefferson,https://www.facebook.com/PrJeffersonCampos
160570,câmara,JERÔNIMO GOERGEN,JERÔNIMO PIZZOLOTTO GOERGEN,PP,RS,jeronimogoergen,https://www.facebook.com/depjeronimogoergen
178839,câmara,JÉSSICA SALES,JESSICA ROJAS SALES,MDB,AC,NA,https://www.facebook.com/pg/dep.jessicasales
204435,câmara,JESUS SÉRGIO,JESUS SERGIO DE MENEZES,PDT,AC,jesussergioac,https://www.facebook.com/deputadoJesusSergio12/
178842,câmara,JHC,JOAO HENRIQUE HOLANDA  CALDAS,PSB,AL,JHC_40,https://www.facebook.com/jhc
160531,câmara,JHONATAN DE JESUS,JOHNATHAN PEREIRA DE JESUS,PRB,RR,jhonatan_djesus,https://www.facebook.com/DepJhonatanJesus
74366,câmara,JOÃO CAMPOS,JOÃO CAMPOS DE ARAÚJO,PRB,GO,depjoaocampos,https://www.facebook.com/deputadojoaocampos
141458,câmara,JOÃO CARLOS BACELAR,JOÃO CARLOS PAOLILO BACELAR FILHO,PR,BA,deputadobacelar,https://www.facebook.com/joaobacelar2288
178970,câmara,JOÃO DANIEL,JOAO SOMARIVA DANIEL,PT,SE,joaodanielPT,https://www.facebook.com/deputadojoaodaniel
204429,câmara,JOÃO H. CAMPOS,JOÃO HENRIQUE DE ANDRADE LIMA CAMPOS,PSB,PE,NA,https://www.facebook.com/joaocampospsb/
141459,câmara,JOÃO MAIA,JOÃO DA SILVA MAIA,PR,RN,depjoaomaia,https://www.facebook.com/joao.maia.581
112437,câmara,JOÃO MARCELO SOUZA,JOÃO MARCELO SANTOS SOUZA,MDB,MA,NA,https://www.facebook.com/deputadojoaomarcelo
204576,câmara,JOÃO ROMA,JOÃO INÁCIO RIBEIRO ROMA NETO,PRB,BA,joaoromaneto,NA
178910,câmara,JOAQUIM PASSARINHO,JOAQUIM PASSARINHO PINTO DE SOUZA PORTO,PSD,PA,joaquimpassarin,https://www.facebook.com/joaquimpassarinhooficial
204468,câmara,JOENIA WAPICHANA,JOENIA BATISTA DE CARVALHO,REDE,RR,joeniac,NA
204546,câmara,JOICE HASSELMANN,JOICE CRISTINA HASSELMANN,PSL,SP,joicehasselmann,NA
205550,câmara,JORGE BRAZ,JORGE BRAZ DE OLIVEIRA,PRB,RJ,Jorge_Braz,NA
178857,câmara,JORGE SOLLA,JORGE JOSE SANTOS PEREIRA SOLLA,PT,BA,depjorgesolla,https://www.facebook.com/depjorgesolla
141464,câmara,JOSÉ AIRTON FÉLIX CIRILO,JOSÉ AIRTON FÉLIX CIRILO DA SILVA,PT,CE,JoseAirtonPT,https://www.facebook.com/Joseairtoncirilo
141470,câmara,JOSÉ GUIMARÃES,JOSÉ NOBRE GUIMARÃES,PT,CE,guimaraes13PT,https://www.facebook.com/DeputadoJoseGuimaraes
204386,câmara,JOSE MARIO SCHREINER,JOSE MARIO SCHREINER,DEM,GO,SchreinerJose,NA
204472,câmara,JOSÉ MEDEIROS,JOSE ANTONIO DOS SANTOS MEDEIROS,PODE,MT,JoseMedeirosMT,NA
204391,câmara,JOSÉ NELTO,JOSÉ NELTO LAGARES DAS MERCEZ,PODE,GO,depjosenelto,NA
160619,câmara,JOSÉ NUNES,JOSÉ NUNES SOARES,PSD,BA,JoseNunesDep,https://www.facebook.com/deputadojosenunes
74079,câmara,JOSÉ PRIANTE,JOSÉ BENITO PRIANTE JÚNIOR,MDB,PA,priante,https://www.facebook.com/AgoraePriante
204555,câmara,JOSÉ RICARDO,JOSÉ RICARDO WENDLING,PT,AM,ZeRicardoAM,NA
74554,câmara,JOSÉ ROCHA,JOSÉ ALVES ROCHA,PR,BA,joserocha_,https://www.facebook.com/dep.joserocha
74141,câmara,JOSIAS GOMES,JOSIAS GOMES DA SILVA,PT,BA,josiasgomesba,https://www.facebook.com/josiasgomes1312
204563,câmara,JOSIMAR MARANHÃOZINHO,JOSIMAR CUNHA RODRIGUES,PR,MA,josimarPR22,NA
204474,câmara,JUAREZ COSTA,JUAREZ ALVES DA COSTA,MDB,MT,NA,NA
204420,câmara,JULIAN LEMOS,GULLIEM CHARLES BEZERRA LEMOS,PSL,PB,JulianLemosopb1,NA
74317,câmara,JÚLIO CESAR,JÚLIO CÉSAR DE CARVALHO LIMA,PSD,PI,DepJulioCesarPI,https://www.facebook.com/depfederaljuliocesar
204372,câmara,JULIO CESAR RIBEIRO,JULIO CESAR RIBEIRO,PRB,DF,JulioCesarRib,NA
73586,câmara,JÚLIO DELGADO,JÚLIO CÉSAR DELGADO,PSB,MG,depjuliodelgado,https://www.facebook.com/DeputadoJulioDelgado
204457,câmara,JUNINHO DO PNEU,ROGERIO TEIXEIRA JUNIOR,DEM,RJ,JuninhodoPneu,NA
204502,câmara,JÚNIOR BOZZELLA,NICOLINO BOZZELLA JUNIOR,PSL,SP,juniorbozzella,NA
204497,câmara,JÚNIOR FERRARI,JOÃO FERRARI JÚNIOR,PSD,PA,NA,https://www.facebook.com/juniorferrari5588/
204574,câmara,JUNIOR LOURENÇO,JOSE LOURENÇO BONFIM JUNIOR,PR,MA,junior_lourenco,NA
204550,câmara,JÚNIOR MANO,ANTÔNIO LUIZ RODRIGUES MANO JÚNIOR,PR,CE,jrmano_,NA
178886,câmara,JUSCELINO FILHO,JOSE JUSCELINO DOS SANTOS REZENDE FILHO,DEM,MA,DepJuscelino,https://www.facebook.com/DepJuscelinoFilho
204536,câmara,KIM KATAGUIRI,KIM PATROCA KATAGUIRI,DEM,SP,kimpkat,NA
151208,câmara,LAERCIO OLIVEIRA,LAERCIO JOSÉ DE OLIVEIRA,PP,SE,laerciofederal,https://www.facebook.com/deputadolaerciooliveira
98057,câmara,LAFAYETTE DE ANDRADA,LAFAYETTE LUIZ DOORGAL DE ANDRADA,PRB,MG,dep_lafayette,NA
160534,câmara,LAURIETE,LAURIETE RODRIGUES DE JESUS MALTA,PR,ES,2010lauriete,https://www.facebook.com/DeputadaFederalLauriete
178832,câmara,LEANDRE,LEANDRE DAL PONTE,PV,PR,Leandre4300,https://www.facebook.com/LeandreOficial
204375,câmara,LEDA SADALA,LEDA MARIA SADALA BRITO,AVANTE,AP,LedaSadala,NA
204359,câmara,LÉO MORAES,LEONARDO BARRETO DE MORAES,PODE,RO,dep_leomoraes,NA
204547,câmara,LÉO MOTTA,ELIEL MÁRCIO DO CARMO,PSL,MG,NA,https://www.facebook.com/leomottafederal/
74156,câmara,LEONARDO MONTEIRO,JOSÉ LEONARDO COSTA MONTEIRO,PT,MG,depleomonteiro,https://www.facebook.com/depleomonteiro
74299,câmara,LEÔNIDAS CRISTINO,JOSÉ LEÔNIDAS DE MENEZES CRISTINO,PDT,CE,leonidas9099,https://www.facebook.com/Le%C3%B4nidas-Cristino-1271496449602306
92102,câmara,LEUR LOMANTO JÚNIOR,LEUR ANTONIO DE BRITTO LOMANTO JUNIOR,DEM,BA,LeurLomantoJr,NA
139285,câmara,LÍDICE DA MATA,LÍDICE DA MATA E SOUZA,PSB,BA,lidicedamata,NA
74585,câmara,LINCOLN PORTELA,LINCOLN DINIZ PORTELA,PR,MG,lincoln_portela,https://www.facebook.com/deputadolincolnportela
204405,câmara,LIZIANE BAYER,LIZIANE BAYER DA COSTA,PSB,RS,LizianeBayer,NA
204382,câmara,LOESTER TRUTIS,LOESTER CARLOS GOMES DE SOUZA,PSL,MS,LTrutis,NA
196358,câmara,LOURIVAL GOMES,LOURIVAL GOMES DE ALMEIDA,PSL,RJ,lourivalgomesrj,NA
204523,câmara,LUCAS GONZALEZ,LUCAS DE VASCONCELOS GONZALEZ,NOVO,MG,lucasvgonzalez,NA
204404,câmara,LUCAS REDECKER,LUCAS BELLO REDECKER,PSDB,RS,LucasRedecker,NA
178879,câmara,LUCAS VERGILIO,LUCAS DE CASTRO SANTOS,SOLIDARIEDADE,GO,VergilioLucas77,https://www.facebook.com/lucasvergilio7777
74478,câmara,LUCIANO BIVAR,LUCIANO CALDAS BIVAR,PSL,PE,Bivar1717,NA
178931,câmara,LUCIANO DUCCI,LUCIANO DUCCI,PSB,PR,LucianoDucci,https://www.facebook.com/LucianoDucci
178954,câmara,LUCIO MOSQUINI,LUCIO ANTONIO MOSQUINI,MDB,RO,luciomosquini,https://www.facebook.com/profile.php?id=100011438522684
204381,câmara,LUIS MIRANDA,LUIS CLAUDIO FERNANDES MIRANDA,DEM,DF,LuisMirandaUSA1,NA
160510,câmara,LUIS TIBÉ,LUIS HENRIQUE DE OLIVEIRA RESENDE,AVANTE,MG,LuisTibeOficial,https://www.facebook.com/luistibe
204410,câmara,LUISA CANZIANI,LUISA CANZIANI DOS SANTOS SILVEIRA,PTB,PR,luisa_canziani,NA
204448,câmara,LUIZ ANTÔNIO CORRÊA,LUIZ ANTONIO DA COSTA CARVALHO CORREA DA SILVA,DC,RJ,depluizantonio,NA
160645,câmara,LUIZ CARLOS,LUIZ CARLOS GOMES DOS SANTOS JUNIOR,PSDB,AP,depluizcarlos,https://www.facebook.com/deputadoheinze
204485,câmara,LUIZ CARLOS MOTTA,LUIZ CARLOS MOTTA,PR,SP,lcm_motta,NA
204543,câmara,LUIZ FLÁVIO GOMES,LUIZ FLAVIO GOMES,PSB,SP,professorLFG,NA
204455,câmara,LUIZ LIMA,LUIZ EDUARDO CARNEIRO DA SILVA DE SOUZA LIMA,PSL,RJ,Oficialluizlima,NA
162332,câmara,LUIZ NISHIMORI,LUIZ HILOSHI NISHIMORI,PR,PR,luiznishimori,https://www.facebook.com/nishimoriluiz
204526,câmara,LUIZ PHILIPPE DE ORLEANS E BRAGANÇA,LUIZ PHILIPPE DE ORLEANS BRAGANÇA,PSL,SP,lpbragancabr,NA
74784,câmara,LUIZA ERUNDINA,LUIZA ERUNDINA DE SOUSA,PSOL,SP,luizaerundina,https://www.facebook.com/luizaerundina4021
178866,câmara,LUIZIANNE LINS,LUIZIANNE DE OLIVEIRA LINS,PT,CE,Luizianne13PT,https://www.facebook.com/deputadaluiziannelins
166402,câmara,MAGDA MOFATTO,MAGDA MOFATTO HON,PR,GO,Magdamofatto,https://www.facebook.com/MagdaMofatto.Goias
204458,câmara,MAJOR FABIANA,FABIANA SILVA DE SOUZA,PSL,RJ,majorfabiana46,NA
179587,câmara,MAJOR VITOR HUGO,VITOR HUGO DE ARAUJO ALMEIDA,PSL,GO,MajorVitorHugo,NA
204469,câmara,MANUEL MARCOS,MANUEL MARCOS CARVALHO DE MESQUITA,PRB,AC,ascomdrmanuel,https://pt-br.facebook.com/VereadorManuelMarcos/
204471,câmara,MARA ROCHA,CYLMARA FERNANDES DA ROCHA GRIPP,PSDB,AC,NA,NA
156190,câmara,MARCEL VAN HATTEM,MARCEL VAN HATTEM,NOVO,RS,marcelvanhattem,NA
179000,câmara,MARCELO ÁLVARO ANTÔNIO,MARCELO HENRIQUE TEIXEIRA DIAS,PSL,MG,Marceloalvaroan,https://www.facebook.com/marceloalvaroantonio
146788,câmara,MARCELO ARO,MARCELO GUILHERME DE ARO FERREIRA,PHS,MG,marceloaro,https://www.facebook.com/marceloaro
205863,câmara,MARCELO BRUM,MARCELO DE BRUM DA COSTA,PSL,RS,NA,https://web.facebook.com/avozdocampo
204433,câmara,MARCELO CALERO,MARCELO CALERO FARIA GARCIA,PPS,RJ,caleromarcelo,NA
76874,câmara,MARCELO FREIXO,MARCELO RIBEIRO FREIXO,PSOL,RJ,MarceloFreixo,NA
133810,câmara,MARCELO MORAES,MARCELO PIRES MORAES,PTB,RS,NA,NA
204558,câmara,MARCELO NILO,JOSÉ MARCELO DO NASCIMENTO NILO,PSB,BA,depmarcelonilo,NA
204556,câmara,MARCELO RAMOS,MARCELO RAMOS RODRIGUES,PR,AM,marceloramosam,NA
178983,câmara,MARCIO ALVINO,MARCIO LUIZ ALVINO DE SOUZA,PR,SP,AlvinoMarcio,https://www.facebook.com/marcioalvino
179001,câmara,MÁRCIO BIOLCHI,MARCIO DELLA VALLE BIOLCHI,MDB,RS,marciobiolchi,NA
81055,câmara,MÁRCIO JERRY,MÁRCIO JERRY SARAIVA BARROSO,PCdoB,MA,marciojerry,NA
204452,câmara,MÁRCIO LABRE,MÁRCIO DA SILVEIRA LABRE,PSL,RJ,marciolabre,NA
150418,câmara,MÁRCIO MARINHO,MÁRCIO CARLOS MARINHO,PRB,BA,dpmarciomarinho,https://www.facebook.com/marciomarinhopolitico
204522,câmara,MARCO BERTAIOLLI,MARCO AURELIO BERTAIOLLI,PSD,SP,MarcoBertaiolli,NA
160535,câmara,MARCON,DIONILSO MATEUS MARCON,PT,RS,depmarcon,https://www.facebook.com/Marcon-Deputado-730105823714253
204431,câmara,MARCOS AURÉLIO SAMPAIO,MARCOS AURÉLIO  PÁDUA RIBEIRO GONÇALVES DE SAMPAIO,MDB,PI,MarcosA_Sampaio,NA
204506,câmara,MARCOS PEREIRA,MARCOS ANTONIO PEREIRA,PRB,SP,marcospereira04,NA
204430,câmara,MARGARETE COELHO,MARGARETE DE CASTRO COELHO,PP,PI,MargaretCoelho,NA
171619,câmara,MARGARIDA SALOMÃO,MARIA MARGARIDA MARTINS SALOMÃO,PT,MG,JFMargarida,https://www.facebook.com/jfmargarida
74398,câmara,MARIA DO ROSÁRIO,MARIA DO ROSÁRIO NUNES,PT,RS,mariadorosario,https://www.facebook.com/DeputadaMariaDoRosario
204540,câmara,MARIA ROSAS,MARIA DO PARTO MENDES ROSAS,PRB,SP,depmariarosas,NA
178956,câmara,MARIANA CARVALHO,MARIANA FONSECA RIBEIRO CARVALHO DE MORAES,PSDB,RO,MarianaPSDB,https://www.facebook.com/marianacarvalho45
204428,câmara,MARÍLIA ARRAES,MARÍLIA VALENÇA ROCHA ARRAES DE ALENCAR,PT,PE,MariliaArraes,NA
204432,câmara,MARINA SANTOS,MARINA SANTOS BATISTA DIAS,SOLIDARIEDADE,PI,NA,https://web.facebook.com/vamosjuntosrenovar
74158,câmara,MÁRIO HERINGER,MÁRIO LÚCIO HERINGER,PDT,MG,mario_heringer,https://www.facebook.com/mario.heringer
178858,câmara,MÁRIO NEGROMONTE JR.,MARIO SILVIO MENDES NEGROMONTE JUNIOR,PP,BA,depnegromontejr,https://www.facebook.com/mario.negromontejunior
204403,câmara,MARLON SANTOS,MARLON ARATOR SANTOS DA ROSA,PDT,RS,deputado_marlon,https://pt-br.facebook.com/MarlonSantosCachoeira/
204566,câmara,MARRECA FILHO,ANTONIO DA CRUZ FILGUEIRA NETO,PATRI,MA,depmarrecafilho,NA
178843,câmara,MARX BELTRÃO,MARX BELTRÃO LIMA SIQUEIRA,PSD,AL,NA,https://pt-br.facebook.com/MarxBeltrao/
75431,câmara,MAURÍCIO DZIEDRICKI,MAURÍCIO ALEXANDRE DZIEDRICKI,PTB,RS,mauricioptbrs,NA
204486,câmara,MAURO BENEVIDES FILHO,CARLOS MAURO BENEVIDES FILHO,PDT,CE,deputadomaurobf,https://www.facebook.com/maurobffilho/
74749,câmara,MAURO LOPES,MAURO RIBEIRO LOPES,MDB,MG,depmaurolopes,https://www.facebook.com/familiamaurolopes
141508,câmara,MAURO NAZIF,MAURO NAZIF RASUL,PSB,RO,drmauronazif,https://www.facebook.com/maurorasul
178985,câmara,MIGUEL LOMBARDI,MIGUEL LOMBARDI,PR,SP,DMiguellombardi,https://www.facebook.com/miguellombardi.deputadofederal
154178,câmara,MILTON VIEIRA,MILTON VIEIRA PINTO,PRB,SP,DepMiltonVieira,NA
178895,câmara,MISAEL VARELLA,MISAEL ARTUR FERREIRA VARELLA,PSD,MG,NA,https://www.facebook.com/deputadomisaelvarella
178997,câmara,MOSES RODRIGUES,MOSES HAENDEL MELO RODRIGUES,MDB,CE,depfederalmoses,https://www.facebook.com/MosesRodriguess
204453,câmara,NATÁLIA BONAVIDES,NATÁLIA BASTOS BONAVIDES,PT,RN,natbonavides,NA
204449,câmara,NELSON BARBUDO,NELSON NED PREVIDENTE,PSL,MT,NA,https://pt-br.facebook.com/pg/onelsonbarbudo
74571,câmara,NELSON PELLEGRINO,NELSON VICENTE PORTELA PELLEGRINO,PT,BA,nelsonpelegrino,https://www.facebook.com/nelsonpelegrino
204415,câmara,NEREU CRISPIM,NEREU CRISPIM,PSL,RS,nereucrispim,NA
146307,câmara,NERI GELLER,NERI GELLER,PP,MT,NeriGeller,https://www.facebook.com/neri.geller
178896,câmara,NEWTON CARDOSO JR,NEWTON CARDOSO JUNIOR,MDB,MG,newton1510,https://www.facebook.com/NewtonCardosoJr
204384,câmara,NEY LEPREVOST,NEY LEPREVOST NETO,PSD,PR,neyleprevost,NA
204479,câmara,NICOLETTI,ANTONIO CARLOS NICOLETTI,PSL,RR,NA,NA
74352,câmara,NILSON PINTO,NILSON PINTO DE OLIVEIRA,PSDB,PA,DepNilsonPinto,https://www.facebook.com/Nilson-Pinto-354764524584734
178986,câmara,NILTO TATTO,NILTO IGNACIO TATTO,PT,SP,NiltoTatto,https://www.facebook.com/niltotattosp
194260,câmara,NIVALDO ALBUQUERQUE,NIVALDO FERREIRA DE ALBUQUERQUE NETO,PTB,AL,NivaldoAlbuque,https://www.facebook.com/deputadonivaldoalbuquerque
66179,câmara,NORMA AYUB,NORMA AYUB ALVES,DEM,ES,NA,https://www.facebook.com/DeputadaNormaAyubAlves
74159,câmara,ODAIR CUNHA,ODAIR JOSÉ DA CUNHA,PT,MG,odaircunha_,NA
204498,câmara,OLIVAL MARQUES,OLIVAL HENRIQUE MARQUES DE SOUZA,DEM,PA,OLIVALMARQUES,NA
74399,câmara,ONYX LORENZONI,ONYX DORNELLES LORENZONI,DEM,RS,onyxlorenzoni,https://www.facebook.com/onyx.lorenzoni
178987,câmara,ORLANDO SILVA,ORLANDO SILVA DE JESUS JUNIOR,PCdoB,SP,orlandosilva,https://www.facebook.com/orlandosilvasp
204363,câmara,OSIRES DAMASO,OSIRES RODRIGUES DAMASO,PSC,TO,Damaso2020,NA
73692,câmara,OSMAR TERRA,OSMAR GASPARINI TERRA,MDB,RS,osmarterra ,https://www.facebook.com/DeputadoOsmarTerra
204422,câmara,OSSESIO SILVA,OSSESIO JOSE DA SILVA,PRB,PE,Ossesio_Silva,NA
204475,câmara,OTACI NASCIMENTO,JOSE OTACI BARROSO DO NASCIMENTO,SOLIDARIEDADE,RR,NA,https://www.facebook.com/otacinascimento/
204441,câmara,OTONI DE PAULA,OTONI MOURA DE PAULO JUNIOR,PSC,RJ,OtoniDepFederal,NA
204573,câmara,OTTO ALENCAR FILHO,OTTO ROBERTO MENDONÇA DE ALENCAR FILHO,PSD,BA,ottoalencarfilh,https://pt-br.facebook.com/otto.filho.oficial/
160556,câmara,PADRE JOÃO,JOÃO CARLOS SIQUEIRA,PT,MG,dep_padrejoao,https://www.facebook.com/padrejoao
160642,câmara,PASTOR EURICO,FRANCISCO EURICO DA SILVA,PATRI,PE,pastoreurico,https://www.facebook.com/deputadopastoreurico
204570,câmara,PASTOR GILDENEMYR,GILDENEMIR DE LIMA SOUSA,PMN,MA,DGildenemyr,NA
204553,câmara,PASTOR SARGENTO ISIDÓRIO,MANOEL ISIDORIO DE SANTANA JUNIOR,AVANTE,BA,sgtisidorio,NA
205535,câmara,PATRICIA FERRAZ,PATRICIA LIMA FERRAZ,PR,AP,patricialferraz,https://pt-br.facebook.com/drapatriciaferraz/
74160,câmara,PATRUS ANANIAS,PATRUS ANANIAS DE SOUSA,PT,MG,Patrus_Ananias,https://www.facebook.com/patrusananias13
204377,câmara,PAULA BELMONTE,PAULA MORENO PARO BELMONTE,PPS,DF,paulambelmonte,NA
171617,câmara,PAULÃO,PAULO FERNANDO DOS SANTOS,PT,AL,paulaodopt,https://www.facebook.com/paulaodopt
141516,câmara,PAULO ABI-ACKEL,PAULO ABI-ACKEL,PSDB,MG,pauloabiackel,https://www.facebook.com/abiackelpaulo
178860,câmara,PAULO AZI,PAULO VELLOSO DANTAS AZI,DEM,BA,pauloazi,https://www.facebook.com/galera.2526
204538,câmara,PAULO BENGTSON,PAULO EDUARDO MAESTRI BENGTSON,PTB,PA,PauloBengtson,NA
193726,câmara,PAULO EDUARDO MARTINS,PAULO EDUARDO LIMA MARTINS,PSC,PR,PauloMartins10,NA
160517,câmara,PAULO FOLETTO,PAULO ROBERTO FOLETTO,PSB,ES,DeputadoFoletto,https://www.facebook.com/PauloFoletto
160558,câmara,PAULO FREIRE COSTA,PAULO ROBERTO FREIRE DA COSTA,PR,SP,DF_PauloFreire,https://www.facebook.com/dep.paulofreire
204461,câmara,PAULO GANIME,PAULO GUSTAVO GANIME ALVES TEIXEIRA,NOVO,RJ,pauloganime,NA
204492,câmara,PAULO GUEDES,PAULO JOSE CARLOS GUEDES,PT,MG,deppauloguedes,NA
141518,câmara,PAULO PEREIRA DA SILVA,PAULO PEREIRA DA SILVA,SOLIDARIEDADE,SP,dep_paulinho,https://www.facebook.com/paulinho.face
74400,câmara,PAULO PIMENTA,PAULO ROBERTO SEVERO PIMENTA,PT,RS,deputadofederal,https://www.facebook.com/perfil.pimenta
133968,câmara,PAULO RAMOS,PAULO SÉRGIO RAMOS BARBOZA,PDT,RJ,pauloramosdep,https://web.facebook.com/comissaodetrabalho.daalerj
141488,câmara,PAULO TEIXEIRA,LUIZ PAULO TEIXEIRA FERREIRA,PT,SP,pauloteixeira13,https://www.facebook.com/DeputadoPauloTeixeira
90201,câmara,PEDRO AUGUSTO BEZERRA,PEDRO AUGUSTO GEROMEL BEZERRA DE MENEZES,PTB,CE,NA,NA
178912,câmara,PEDRO CUNHA LIMA,PEDRO OLIVEIRA CUNHA LIMA,PSDB,PB,pedroocl,https://www.facebook.com/pedrocloficial
122974,câmara,PEDRO LUCAS FERNANDES,PEDRO LUCAS ANDRADE FERNANDES RIBEIRO,PTB,MA,NA,NA
204395,câmara,PEDRO LUPION,PEDRO DEBONI LUPION MELLO,DEM,PR,Dep_PedroLupion,NA
122158,câmara,PEDRO PAULO,PEDRO PAULO CARVALHO TEIXEIRA,DEM,RJ,pedropaulo,https://www.facebook.com/rio.pedropaulo
160604,câmara,PEDRO UCZAI,PEDRO FRANCISCO UCZAI,PT,SC,uczai,https://www.facebook.com/PedroUczai
204406,câmara,PEDRO WESTPHALEN,PEDRO BANDARRA WESTPHALEN,PP,RS,pedrowestphalen,NA
73943,câmara,PERPÉTUA ALMEIDA,MARIA PERPÉTUA DE ALMEIDA,PCdoB,AC,perpetua_acre,NA
204524,câmara,PINHEIRINHO,ANTÔNIO PINHEIRO NETO,PP,MG,NA,NA
204529,câmara,POLICIAL KATIA SASTRE,KATIA DA SILVA SASTRE,PR,SP,katiasastre,NA
73486,câmara,POMPEO DE MATTOS,DARCI POMPEO DE MATTOS,PDT,RS,PompeodeMattos,https://www.facebook.com/pompeodemattosPDT
160601,câmara,PR. MARCO FELICIANO,MARCO ANTÔNIO FELICIANO,PODE,SP,marcofeliciano,https://www.facebook.com/PastorMarcoFeliciano
204390,câmara,PROFESSOR ALCIDES,ALCIDES RIBEIRO FILHO,PP,GO,NA,NA
204383,câmara,PROFESSOR ISRAEL BATISTA,ISRAEL MATOS BATISTA,PV,DF,ProfIsrael,NA
204446,câmara,PROFESSOR JOZIEL,JOZIEL FERREIRA CARLOS,PSL,RJ,professorjoziel,NA
204418,câmara,PROFESSOR LUIZÃO GOULART,LUIZ GOULARTE ALVES,PRB,PR,luizaogoulart,http://facebook.com/vamosluizao
204565,câmara,PROFESSORA DAYANE PIMENTEL,DAYANE JAMILLE CARNEIRO DOS SANTOS PIMENTEL,PSL,BA,deppimentel,NA
160639,câmara,PROFESSORA DORINHA SEABRA REZENDE,MARIA AUXILIADORA SEABRA REZENDE,DEM,TO,profdorinha,https://www.facebook.com/profile.php?id=100002237710131
160641,câmara,PROFESSORA MARCIVANIA,MARCIVANIA DO SOCORRO DA ROCHA FLEXA,PCdoB,AP,marcivania65,https://www.facebook.com/professoramarcivania65
204467,câmara,PROFESSORA ROSA NEIDE,ROSA NEIDE SANDES DE ALMEIDA,PT,MT,profdorinha,NA
178951,câmara,RAFAEL MOTTA,RAFAEL HUETE DA MOTTA,PSB,RN,RafaelMottaRN,https://www.facebook.com/rafaelmottarn
204567,câmara,RAIMUNDO COSTA,RAIMUNDO MAGALHÃES COSTA,PRP,BA,NA,NA
141523,câmara,RAUL HENRY,RAUL JEAN LOUIS HENRY JÚNIOR,MDB,PE,RaulHenry,https://www.facebook.com/RaulHenryPE
74161,câmara,REGINALDO LOPES,REGINALDO LÁZARO DE OLIVEIRA LOPES,PT,MG,ReginaldoLopes,https://www.facebook.com/ReginaldoLopesOficial
205865,câmara,REINHOLD STEPHANES JUNIOR,REINHOLD STEPHANES JUNIOR,PSD,PR,NA,NA
178925,câmara,REJANE DIAS,REJANE RIBEIRO SOUSA DIAS,PT,PI,rejane_dias,NA
178989,câmara,RENATA ABREU,RENATA HELLMEISTER DE ABREU,PODE,SP,RenataAbreuDep,https://www.facebook.com/renataabreu19
73801,câmara,RENILDO CALHEIROS,RENILDO VASCONCELOS CALHEIROS,PCdoB,PE,renildo,NA
73788,câmara,RICARDO BARROS,RICARDO JOSÉ MAGALHÃES BARROS,PP,PR,RicardoBarrosPP,NA
204362,câmara,RICARDO GUIDI,RICARDO ZANATTA GUIDI,PSD,SC,ricardozguidi,NA
160655,câmara,RICARDO IZAR,RICARDO IZAR JUNIOR,PP,SP,RicardoIzar,https://www.facebook.com/ricardoizaroficial
178920,câmara,RICARDO TEOBALDO,RICARDO TEOBALDO CAVALCANTI,PODE,PE,psdbricardo45,http://www.facebook.com/ricardoteobaldooficial
204489,câmara,ROBÉRIO MONTEIRO,MARCOS ROBERIO RIBEIRO MONTEIRO,PDT,CE,NA,https://web.facebook.com/people/Rob%C3%A9rio-Monteiro-III/100004363395617
152610,câmara,ROBERTO ALVES,BENEDITO ROBERTO ALVES FERREIRA,PRB,SP,RobertoAlvesPRB,https://www.facebook.com/RobertoAlvesPRB
160653,câmara,ROBERTO DE LUCENA,ROBERTO ALVES DE LUCENA,PODE,SP,robertodelucena,https://www.facebook.com/dep.lucena
74305,câmara,ROBERTO PESSOA,ROBERTO SOARES PESSOA,PSDB,CE,RobertoPessoaCE,NA
204530,câmara,RODRIGO AGOSTINHO,RODRIGO ANTONIO DE AGOSTINHO MENDONÇA,PSB,SP,rodrigoagost,NA
204366,câmara,RODRIGO COELHO,RODRIGO COELHO,PSB,SC,coelho_rodrigo,NA
141531,câmara,RODRIGO DE CASTRO,RODRIGO BATISTA DE CASTRO,PSDB,MG,RodrigoCastro45,https://www.facebook.com/rodrigodecastro45
74693,câmara,RODRIGO MAIA,RODRIGO FELINTO IBARRA EPITÁCIO MAIA,DEM,RJ,DepRodrigomaia,https://www.facebook.com/RodrigoMaiaRJ
204480,câmara,ROGÉRIO CORREIA,ROGÉRIO CORREIA DE MOURA BAPTISTA,PT,MG,RogerioCorreia_,NA
160651,câmara,ROGÉRIO PENINHA MENDONÇA,ROGÉRIO MENDONÇA,MDB,SC,deputadopeninha,https://www.facebook.com/deputadopeninha
178861,câmara,RONALDO CARLETTO,RONALDO CARLETTO,PP,BA,ronaldocarletto,https://www.facebook.com/RonaldoCarlettoOficial
204525,câmara,ROSANA VALLE,ROSANA DE OLIVEIRA VALLE,PSB,SP,RosanaValle40,NA
178945,câmara,ROSANGELA GOMES,ROSANGELA DE SOUZA GOMES,PRB,RJ,rosangelasgomes,https://www.facebook.com/deputadarosangelagomes
204357,câmara,ROSE MODESTO,ROSIANE MODESTO  DE OLIVEIRA,PSDB,MS,rosemodestoms,NA
73466,câmara,RUBENS BUENO,RUBENS BUENO,PPS,PR,rubensbuenopps,https://www.facebook.com/rubensbuenopps
74371,câmara,RUBENS OTONI,RUBENS OTONI GOMIDE,PT,GO,RubensOtoni,https://www.facebook.com/rubensotoni
178887,câmara,RUBENS PEREIRA JÚNIOR,RUBENS PEREIRA E SILVA JUNIOR,PCdoB,MA,rubenspereirajr,https://www.facebook.com/Deprubenspereirajr
73604,câmara,RUI FALCÃO,RUI GOETHE DA COSTA FALCÃO,PT,SP,rfalcao13,NA
160635,câmara,RUY CARNEIRO,RUY MANUEL CARNEIRO BARBOSA DE ACA BELCHIOR,PSDB,PB,depruycarneiro,https://www.facebook.com/depruycarneiro
204535,câmara,SÂMIA BOMFIM,SAMIA DE SOUZA BOMFIM,PSOL,SP,samiabomfim,NA
178990,câmara,SAMUEL MOREIRA,SAMUEL MOREIRA DA SILVA JUNIOR,PSDB,SP,samuelmoreira,NA
160621,câmara,SANDRO ALEX,SANDRO ALEX CRUZ DE OLIVEIRA,PSD,PR,SandroAlex2323,https://www.facebook.com/sandro.alex.5492
90842,câmara,SANTINI,RONALDO SANTINI,PTB,RS,dep_santini,NA
204387,câmara,SARGENTO FAHUR,GILSON CARDOSO FAHUR,PSD,PR,SargentoFAHUR,NA
204399,câmara,SCHIAVINATO,JOSE CARLOS SCHIAVINATO,PP,PR,Schiavinato_,NA
178921,câmara,SEBASTIÃO OLIVEIRA,SEBASTIAO IGNACIO DE OLIVEIRA JUNIOR,PR,PE,Seba_Oliveira,NA
73808,câmara,SÉRGIO BRITO,SÉRGIO LUÍS LACERDA BRITO,PSD,BA,sergiobritoBA,https://www.facebook.com/depfederalsergiobrito
178933,câmara,SERGIO SOUZA,SERGIO DE SOUZA,MDB,PR,_sergiosouza,https://www.facebook.com/sergiosouzaPR
204438,câmara,SERGIO TOLEDO,SERGIO TOLEDO DE ALBUQUERQUE,PR,AL,depsergiotoledo,NA
178874,câmara,SERGIO VIDIGAL,ANTONIO SERGIO ALVES VIDIGAL,PDT,ES,vidigalsergio,https://www.facebook.com/vidigalsergio
204437,câmara,SEVERINO PESSOA,SEVERINO DE LIRA PESSÔA,PRB,AL,NA,NA
178961,câmara,SHÉRIDAN,SHÉRIDAN ESTÉRFANY OLIVEIRA,PSDB,RR,depsheridan,https://www.facebook.com/deputadasheridan
204557,câmara,SIDNEY LEITE,SIDNEY RICARDO DE OLIVEIRA LEITE,PSD,AM,sidneyleite_,NA
74356,câmara,SILAS CÂMARA,SILAS CÂMARA,PRB,AM,SilasCamaraAM‏,https://www.facebook.com/DepSilas
204360,câmara,SILVIA CRISTINA,SILVIA CRISTINA AMANCIO CHAGAS,PDT,RO,NA,NA
204425,câmara,SILVIO COSTA FILHO,SILVIO SERAFIM COSTA FILHO,PRB,PE,Silvio_CFilho,NA
178946,câmara,SORAYA SANTOS,SORAYA ALENCAR DOS SANTOS,PR,RJ,sorayasantos,https://www.facebook.com/deputadocarlosandrade
178947,câmara,SÓSTENES CAVALCANTE,SOSTENES SILVA CAVALCANTE,DEM,RJ,DepSostenes,https://www.facebook.com/sostenescavalcante
92776,câmara,STEFANO AGUIAR,STEFANO AGUIAR DOS SANTOS,PSD,MG,depstefano,https://www.facebook.com/PastorStefanoAguiar
177282,câmara,SUBTENENTE GONZAGA,LUIZ GONZAGA RIBEIRO,PDT,MG,SubGonzagaMG,https://www.facebook.com/Deputado-Subtenente-Gonzaga-446410602056683
204534,câmara,TABATA AMARAL,TABATA CLAUDIA AMARAL DE PONTES,PDT,SP,tabataamaralsp,NA
178922,câmara,TADEU ALENCAR,FRANCISCO TADEU BARBOSA DE ALENCAR,PSB,PE,NA,https://www.facebook.com/TadeuAlencar4020
204464,câmara,TALÍRIA PETRONE,TALIRIA PETRONE SOARES,PSOL,RJ,taliriapetrone,NA
206231,câmara,TED CONTI,JOÃO BATISTA CONTI,PSB,ES,NA,https://www.facebook.com/tedcontideputado/
178901,câmara,TEREZA CRISTINA,TEREZA CRISTINA CORREA DA COSTA DIAS,DEM,MS,TerezaCrisMS,https://www.facebook.com/terezacristinams
204466,câmara,TEREZA NELMA,TEREZA NELMA DA SILVA PORTO VIANA SOARES,PSDB,AL,TerezaNelma_,NA
143084,câmara,TIAGO DIMAS,TIAGO BRAGA PEREIRA,SOLIDARIEDADE,TO,tiago_dimas,NA
204519,câmara,TIAGO MITRAUD,TIAGO LIMA MITRAUD DE CASTRO LEITE,NOVO,MG,TiagoMitraud,NA
160976,câmara,TIRIRICA,FRANCISCO EVERARDO OLIVEIRA SILVA,PR,SP,tiriricanaweb,https://www.facebook.com/tiriricanaweb
197438,câmara,TITO,CARLOS TITO MARQUES CORDEIRO,AVANTE,BA,NA,NA
178934,câmara,TONINHO WANDSCHEER,ANTONIO WANDSCHEER,PROS,PR,deputadotoninho,https://www.facebook.com/DeputadoToninhoWandscheer
157130,câmara,TÚLIO GADÊLHA,TÚLIO GADÊLHA SALES DE MELO,PDT,PE,tuliogadelha,NA
204416,câmara,UBIRATAN SANDERSON,UBIRATAN ANTUNES SANDERSON,PSL,RS,SandersonPF,NA
178863,câmara,ULDURICO JUNIOR,ULDURICO ALENCAR PINTO,PPL,BA,ulduricopinto,https://www.facebook.com/ulduricojunior
195866,câmara,VAIDON OLIVEIRA,FRANCISCO VAIDON OLIVEIRA,PROS,CE,VaidonOliveira,https://www.facebook.com/deputadofederalvaidon.oliveira
204385,câmara,VALDEVAN NOVENTA,JOSE VALDEVAM DE JESUS SANTOS,PSC,SE,dep_fed_noventa,NA
160610,câmara,VALMIR ASSUNÇÃO,VALMIR CARLOS DA ASSUNÇÃO,PT,BA,falavalmir,https://www.facebook.com/falavalmir
74376,câmara,VANDER LOUBET,VANDER LUIZ DOS SANTOS LOUBET,PT,MS,vanderloubet,https://www.facebook.com/vanderfazmais
141553,câmara,VANDERLEI MACRIS,VANDERLEI MACRIS,PSDB,SP,vanderleimacris,https://www.facebook.com/deputadovanderleimacris
204505,câmara,VAVÁ MARTINS,WAGNER BACH MARTINS,PRB,PA,VavaMartins,NA
204396,câmara,VERMELHO,NELSI COGUETTO MARIA,PSD,PR,NA,https://web.facebook.com/vermelho5577
74283,câmara,VICENTINHO,VICENTE PAULO DA SILVA,PT,SP,VICENTINHOPT,https://www.facebook.com/DeputadoFederalVicentinho
137070,câmara,VICENTINHO JÚNIOR,VICENTE ALVES DE OLIVEIRA JUNIOR,PR,TO,vicentinhojr,https://www.facebook.com/VicentinhoJr
204483,câmara,VILSON DA FETAEMG,VILSON LUIZ DA SILVA,PSB,MG,NA,NA
141555,câmara,VINICIUS CARVALHO,VINICIUS RAPOZO DE CARVALHO,PRB,SP,falecomvinicius,https://www.facebook.com/viniciuscarvalhooficial
204478,câmara,VINICIUS FARAH,VINICIUS MEDEIROS FARAH,MDB,RJ,Vinicius_Farah,NA
160591,câmara,VINICIUS GURGEL,VINICIUS DE AZEVEDO GURGEL,PR,AP,vinicius2828,https://www.facebook.com/deputadoviniciusgurgel
204532,câmara,VINICIUS POIT,VINICIUS LAZZER POIT,NOVO,SP,ViniciusPoit,NA
178992,câmara,VITOR LIPPI,VITOR LIPPI,PSDB,SP,DepVitorLippi,https://www.facebook.com/vitorlippi
204443,câmara,WAGNER MONTES,WAGNER MONTES DOS SANTOS,PRB,RJ,depwagnermontes,NA
160569,câmara,WALDENOR PEREIRA,WALDENOR ALVES PEREIRA FILHO,PT,BA,waldenorpereira,https://www.facebook.com/deputadowaldenorpereira
178952,câmara,WALTER ALVES,WALTER PEREIRA ALVES,MDB,RN,WalterAlvesRN,https://www.facebook.com/WalterAlvesRN1
160518,câmara,WELITON PRADO,WELITON FERNANDES PRADO,PROS,MG,pradoweliton,https://www.facebook.com/WelitonPrado
74043,câmara,WELLINGTON ROBERTO,JOSÉ WELLINGTON ROBERTO,PR,PB,wr22,https://www.facebook.com/depwellingtonroberto
74044,câmara,WILSON SANTIAGO,JOSÉ WILSON SANTIAGO,PTB,PB,WilsonSantiago_,NA
204463,câmara,WLADIMIR GAROTINHO,WLADIMIR BARROS ASSED MATHEUS DE OLIVEIRA,PRP,RJ,WladGarotinho,NA
74439,câmara,WOLNEY QUEIROZ,WOLNEY QUEIROZ MACIEL,PDT,PE,WolneyQueirozM,https://www.facebook.com/wolneyqueirozpe
178889,câmara,ZÉ CARLOS,JOSÉ CARLOS NUNES JÚNIOR,PT,MA,Dep_ZeCarlosPT,https://www.facebook.com/DepZeCarlosPT
204559,câmara,ZÉ NETO,JOSÉ CERQUEIRA DE SANTANA NETO,PT,BA,depzeneto,NA
160632,câmara,ZÉ SILVA,JOSÉ SILVA SOARES,SOLIDARIEDADE,MG,ZeSilva_,https://www.facebook.com/deputadofederalzesilva
204517,câmara,ZÉ VITOR,JOSE VITOR DE RESENDE AGUIAR,PMN,MG,NA,https://www.facebook.com/zevitorMG/
160592,câmara,ZECA DIRCEU,JOSÉ CARLOS BECKER DE OLIVEIRA E SILVA,PT,PR,zeca_dirceu,https://www.facebook.com/deputadofederalzecadirceu
4981,senado,ACIR GURGACZ,ACIR GURGACZ,PDT,RO,acirgurgacz,NA
5982,senado,ALESSANDRO VIEIRA,ALESSANDRO VIEIRA,PPS,SE,sen_alessandro,NA
945,senado,ALVARO DIAS,ALVARO DIAS,PODE,PR,alvarodias_,NA
5967,senado,ANGELO CORONEL,ANGELO CORONEL,PSD,BA,angelocoronel_,NA
5529,senado,ANTONIO ANASTASIA,ANTONIO ANASTASIA,PSDB,MG,Anastasia,NA
751,senado,AROLDE DE OLIVEIRA,AROLDE DE OLIVEIRA,PSD,RJ,AroldeOliveira,NA
5990,senado,CARLOS VIANA,CARLOS VIANA,PSD,MG,carlosaviana,NA
470,senado,CHICO RODRIGUES,CHICO RODRIGUES,DEM,RR,NA,https://www.facebook.com/chicorodriguesrr/
5973,senado,CID GOMES,CID GOMES,PDT,CE,cidfgomes,NA
739,senado,CIRO NOGUEIRA,CIRO NOGUEIRA,PP,PI,ciro_nogueira,NA
475,senado,CONFÚCIO MOURA,CONFÚCIO MOURA,MDB,RO,confuciomoura,NA
5998,senado,DANIELLA RIBEIRO,DANIELLA RIBEIRO,PP,PB,soudaniella111,NA
5537,senado,DÁRIO BERGER,DÁRIO BERGER,MDB,SC,darioberger,NA
3830,senado,DAVI ALCOLUMBRE,DAVI ALCOLUMBRE,DEM,AP,davialcolumbre,NA
4994,senado,EDUARDO BRAGA,EDUARDO BRAGA,MDB,AM,EduardoBraga_AM,https://www.facebook.com/EduardoBraga15/
5976,senado,EDUARDO GIRÃO,EDUARDO GIRÃO,PODE,CE,EduGiraoOficial,NA
3777,senado,EDUARDO GOMES,EDUARDO GOMES,MDB,TO,EduardoGomesTO,NA
5718,senado,ELIZIANE GAMA,ELIZIANE GAMA,PPS,MA,elizianegama,NA
5531,senado,ELMANO FÉRRER,ELMANO FÉRRER,PODE,PI,elmanoferrer,NA
22,senado,ESPERIDIÃO AMIN,ESPERIDIÃO AMIN,PP,SC,esperidiaoamin_,NA
5953,senado,FABIANO CONTARATO,FABIANO CONTARATO,REDE,ES,ContaratoSenado,NA
5540,senado,FERNANDO BEZERRA COELHO,FERNANDO BEZERRA COELHO,MDB,PE,fbezerracoelho,NA
4525,senado,FERNANDO COLLOR,FERNANDO COLLOR,PROS,AL,Collor,NA
345,senado,FLÁVIO ARNS,FLÁVIO ARNS,REDE,PR,ArnsFlavio,https://www.facebook.com/flavioarns/
5894,senado,FLÁVIO BOLSONARO,FLÁVIO BOLSONARO,PSL,RJ,FlavioBolsonaro,NA
5008,senado,HUMBERTO COSTA,HUMBERTO COSTA,PT,PE,senadorhumberto,NA
5385,senado,IRAJÁ,IRAJÁ,PSD,TO,iraja555,NA
4770,senado,IZALCI LUCAS,IZALCI LUCAS,PSDB,DF,IzalciLucas,https://www.facebook.com/izalci/
35,senado,JADER BARBALHO,JADER BARBALHO,MDB,PA,jader_barbalho,NA
581,senado,JAQUES WAGNER,JAQUES WAGNER,PT,BA,jaqueswagner,NA
4545,senado,JARBAS VASCONCELOS,JARBAS VASCONCELOS,MDB,PE,Jarbas156,NA
4531,senado,JAYME CAMPOS,JAYME CAMPOS,DEM,MT,NA,https://www.facebook.com/jayme.campos/
5627,senado,JEAN PAUL PRATES,JEAN PAUL PRATES,PT,RN,jpprates,NA
5895,senado,JORGE KAJURU,JORGE KAJURU,PSB,GO,SenadorKajuru,https://www.facebook.com/kajurugoias/
5350,senado,JORGINHO MELLO,JORGINHO MELLO,PR,SC,jorginhomello,NA
3361,senado,JOSÉ MARANHÃO,JOSÉ MARANHÃO,MDB,PB,josemaranhaopb,NA
90,senado,JOSÉ SERRA,JOSÉ SERRA,PSDB,SP,joseserra_,NA
1249,senado,KÁTIA ABREU,KÁTIA ABREU,PDT,TO,KatiaAbreu,NA
5533,senado,LASIER MARTINS,LASIER MARTINS,PODE,RS,lasiermartins,NA
5979,senado,LEILA BARROS,LEILA BARROS,PSB,DF,leiladovolei,NA
5926,senado,LUCAS BARRETO,LUCAS BARRETO,PSD,AP,LucasBarreto_AP,NA
1186,senado,LUIS CARLOS HEINZE,LUIS CARLOS HEINZE,PP,RS,SenadorHeinze,https://www.facebook.com/SenadorHeinze/
5585,senado,LUIZ DO CARMO,LUIZ DO CARMO,MDB,GO,_luizdocarmo,NA
5557,senado,MAILZA GOMES,MAILZA GOMES,PP,AC,MailzaGomes,NA
5666,senado,MAJOR OLIMPIO,MAJOR OLIMPIO,PSL,SP,majorolimpio,NA
5376,senado,MARA GABRILLI,MARA GABRILLI,PSDB,SP,maragabrilli,NA
742,senado,MARCELO CASTRO,MARCELO CASTRO,MDB,PI,MarceloCastroPI,NA
285,senado,MARCIO BITTAR,MARCIO BITTAR,MDB,AC,marciombittar,NA
5942,senado,MARCOS DO VAL,MARCOS DO VAL,PPS,ES,marcosdoval,NA
5422,senado,MARCOS ROGÉRIO,MARCOS ROGÉRIO,DEM,RO,MarcosRogerio,NA
1023,senado,MARIA DO CARMO ALVES,MARIA DO CARMO ALVES,DEM,SE,MariaSenadora,https://www.facebook.com/mariadocarmo251/
6027,senado,MECIAS DE JESUS,MECIAS DE JESUS,PRB,RR,meciasdejesus,NA
5985,senado,NELSINHO TRAD,NELSINHO TRAD,PSD,MS,nelsinhotrad,https://www.facebook.com/nelsinhotrad/
5525,senado,OMAR AZIZ,OMAR AZIZ,PSD,AM,OmarAzizPSD,NA
5924,senado,ORIOVISTO GUIMARÃES,ORIOVISTO GUIMARÃES,PODE,PR,Sen_Oriovisto,NA
5523,senado,OTTO ALENCAR,OTTO ALENCAR,PSD,BA,ottoalencar,NA
825,senado,PAULO PAIM,PAULO PAIM,PT,RS,paulopaim,NA
374,senado,PAULO ROCHA,PAULO ROCHA,PT,PA,PauloRocha_13,NA
5502,senado,PLÍNIO VALÉRIO,PLÍNIO VALÉRIO,PSDB,AM,PlinioValerio45,NA
5012,senado,RANDOLFE RODRIGUES,RANDOLFE RODRIGUES,REDE,AP,randolfeap,NA
5236,senado,REGUFFE,REGUFFE,S/Partido,DF,Reguffe,NA
70,senado,RENAN CALHEIROS,RENAN CALHEIROS,MDB,AL,renancalheiros,NA
677,senado,ROBERTO ROCHA,ROBERTO ROCHA,PSDB,MA,SigaRoberto_,NA
5905,senado,RODRIGO CUNHA,RODRIGO CUNHA,PSDB,AL,RodrigoCunhaAL,NA
5732,senado,RODRIGO PACHECO,RODRIGO PACHECO,DEM,MG,rpsenador,NA
5352,senado,ROGÉRIO CARVALHO,ROGÉRIO CARVALHO,PT,SE,SenadorRogerio,NA
5322,senado,ROMÁRIO,ROMÁRIO,PODE,RJ,RomarioOnze,NA
2331,senado,ROSE DE FREITAS,ROSE DE FREITAS,PODE,ES,senadorarose,NA
5929,senado,SELMA ARRUDA,SELMA ARRUDA,PSL,MT,SenadoraSelma,NA
4560,senado,SÉRGIO PETECÃO,SÉRGIO PETECÃO,PSD,AC,senadorpetecao,NA
5527,senado,SIMONE TEBET,SIMONE TEBET,MDB,MS,SimoneTebetms,NA
5988,senado,SORAYA THRONICKE,SORAYA THRONICKE,PSL,MS,SorayaThronicke,NA
5959,senado,STYVENSON VALENTIM,STYVENSON VALENTIM,PODE,RN,SenStyvenson,NA
3396,senado,TASSO JEREISSATI,TASSO JEREISSATI,PSDB,CE,tassojereissati,NA
5535,senado,TELMÁRIO MOTA,TELMÁRIO MOTA,PROS,RR,TelmarioMotaRR,NA
5899,senado,VANDERLAN CARDOSO,VANDERLAN CARDOSO,PP,GO,Vanderlan_VC,NA
5748,senado,VENEZIANO VITAL DO RÊGO,VENEZIANO VITAL DO RÊGO,PSB,PB,venezianovital,NA
1173,senado,WELLINGTON FAGUNDES,WELLINGTON FAGUNDES,PR,MT,sen_wellington,NA
5411,senado,WEVERTON,WEVERTON,PDT,MA,wevertonrocha,NA
5783,senado,ZENAIDE MAIA,ZENAIDE MAIA,PROS,RN,zenaidern,NA
3806,senado,ZEQUINHA MARINHO,ZEQUINHA MARINHO,PSC,PA,ZequinhaMarinho,https://www.facebook.com/zequinhamarinhooficial/
